,
RS ,s=e+0.05

# Original network
node id,target,species,lineage specific spec. rate mod,lineage specific ext. rate mod,lineage,species id
0,"[195, 206, 72]",False,0.0,0.0,,[]
1,"[81, 185, 53]",False,0.0,0.0,,[]
2,"[155, 91, 150, 4, 59, 246]",False,0.0,0.0,,[]
3,"[273, 212, 215, 162]",False,0.0,0.0,,[]
4,"[298, 78, 2, 120, 247]",False,0.0,0.0,,[]
5,"[299, 291, 49, 139, 188, 192, 264]",False,0.0,0.0,,[]
6,"[214, 25, 87, 23, 42, 79, 293]",False,0.0,0.0,,[]
7,"[62, 206, 202, 203, 220, 249]",False,0.0,0.0,,[]
8,"[38, 150, 109, 48, 77, 160, 219, 242, 245]",False,0.0,0.0,,[]
9,"[266, 115, 212, 270]",False,0.0,0.0,,[]
10,"[37, 45, 66, 29, 114, 137, 164, 201, 292]",False,0.0,0.0,,[]
11,"[279, 59, 89, 35, 103, 186]",False,0.0,0.0,,[]
12,"[197, 106, 132, 22, 83, 167]",False,0.0,0.0,,[]
13,"[213, 268, 146]",False,0.0,0.0,,[]
14,"[253, 278, 205, 138]",False,0.0,0.0,,[]
15,"[185, 134, 94, 68, 207]",False,0.0,0.0,,[]
16,"[24, 182, 242, 102, 193, 255]",False,0.0,0.0,,[]
17,"[118, 255, 119, 74, 104, 138, 158]",False,0.0,0.0,,[]
18,"[231, 55, 189, 40, 125, 174]",False,0.0,0.0,,[]
19,"[80, 248, 142, 43, 228, 241]",False,0.0,0.0,,[]
20,"[260, 168, 135, 55, 127]",False,0.0,0.0,,[]
21,"[230, 107, 192, 24]",False,0.0,0.0,,[]
22,"[12, 79, 271, 223]",False,0.0,0.0,,[]
23,"[6, 227, 121, 81, 110, 213, 218, 257]",False,0.0,0.0,,[]
24,"[180, 21, 228, 16, 166, 229]",False,0.0,0.0,,[]
25,"[215, 60, 61, 6, 112]",False,0.0,0.0,,[]
26,"[140, 190, 100, 47, 194, 221]",False,0.0,0.0,,[]
27,"[147, 41, 269, 80, 123, 128, 276]",False,0.0,0.0,,[]
28,"[140, 189, 88, 62, 122, 280, 283]",False,0.0,0.0,,[]
29,"[10, 168, 130, 63, 65, 286, 297]",False,0.0,0.0,,[]
30,"[295, 171, 180, 141, 202, 239, 258]",False,0.0,0.0,,[]
31,"[110, 143, 102]",False,0.0,0.0,,[]
32,"[39, 239, 275, 111, 146, 168, 169, 187, 193, 251]",False,0.0,0.0,,[]
33,"[165, 116, 207, 275, 294]",False,0.0,0.0,,[]
34,"[174, 245, 120, 117, 205, 259]",False,0.0,0.0,,[]
35,"[11, 252, 137]",False,0.0,0.0,,[]
36,"[135, 64, 220, 41, 108, 277]",False,0.0,0.0,,[]
37,"[218, 55, 46, 10, 70, 149, 281]",False,0.0,0.0,,[]
38,"[245, 123, 117, 8, 73, 119, 204, 208]",False,0.0,0.0,,[]
39,"[83, 134, 105, 32]",False,0.0,0.0,,[]
40,"[18, 105, 109, 107, 121, 243]",False,0.0,0.0,,[]
41,"[125, 36, 184, 27, 89, 99, 233, 266, 275]",True,0.09153142022026928,0.04153142022026928,,1
42,"[143, 286, 6, 197]",False,0.0,0.0,,[]
43,"[139, 19, 144, 60, 67, 136]",False,0.0,0.0,,[]
44,"[79, 277, 45, 113, 147]",False,0.0,0.0,,[]
45,"[252, 266, 129, 10, 44, 95, 172, 230, 265]",False,0.0,0.0,,[]
46,"[97, 168, 162, 37, 131, 144, 227, 288]",False,0.0,0.0,,[]
47,"[49, 26, 167, 105, 141, 165, 282]",False,0.0,0.0,,[]
48,"[278, 8, 274]",False,0.0,0.0,,[]
49,"[90, 180, 272, 5, 47]",False,0.0,0.0,,[]
50,"[274, 250, 117, 87, 183]",False,0.0,0.0,,[]
51,"[282, 170, 125, 106, 244, 272]",False,0.0,0.0,,[]
52,"[280, 177, 109, 78, 147, 197]",False,0.0,0.0,,[]
53,"[182, 172, 254, 1, 188, 217, 269]",False,0.0,0.0,,[]
54,"[83, 72, 117, 65, 162, 180]",False,0.0,0.0,,[]
55,"[166, 271, 20, 18, 37, 73, 128, 250]",False,0.0,0.0,,[]
56,"[258, 132, 178, 124, 209, 242, 269]",False,0.0,0.0,,[]
57,"[219, 96, 84, 64, 248, 267]",False,0.0,0.0,,[]
58,"[230, 254, 206, 284]",False,0.0,0.0,,[]
59,"[2, 157, 164, 11, 113]",False,0.0,0.0,,[]
60,"[194, 225, 43, 25]",False,0.0,0.0,,[]
61,"[273, 178, 114, 25, 142, 182, 198, 199, 210, 214, 215, 237]",False,0.0,0.0,,[]
62,"[28, 270, 171, 7, 116, 247]",False,0.0,0.0,,[]
63,"[220, 219, 29, 66, 81]",False,0.0,0.0,,[]
64,"[57, 179, 201, 36, 124, 279]",False,0.0,0.0,,[]
65,"[227, 29, 54, 295]",False,0.0,0.0,,[]
66,"[63, 232, 101, 10, 102, 128, 130, 195]",False,0.0,0.0,,[]
67,"[207, 43, 74, 78, 141, 146, 222]",False,0.0,0.0,,[]
68,"[165, 15, 122, 106, 126, 249, 250]",False,0.0,0.0,,[]
69,"[170, 100, 211, 136, 251]",False,0.0,0.0,,[]
70,"[37, 279, 124, 248]",False,0.0,0.0,,[]
71,"[143, 209, 147, 134, 138, 261, 276]",False,0.0,0.0,,[]
72,"[112, 109, 259, 0, 54, 171]",False,0.0,0.0,,[]
73,"[157, 55, 38, 218, 290]",False,0.0,0.0,,[]
74,"[17, 167, 192, 67]",False,0.0,0.0,,[]
75,"[137, 159, 274, 102, 260]",False,0.0,0.0,,[]
76,"[168, 164, 279, 163, 175]",False,0.0,0.0,,[]
77,"[8, 192, 220, 127, 129, 279]",False,0.0,0.0,,[]
78,"[268, 52, 67, 4, 122]",False,0.0,0.0,,[]
79,"[175, 6, 181, 22, 44, 112, 272]",False,0.0,0.0,,[]
80,"[160, 87, 27, 19]",False,0.0,0.0,,[]
81,"[23, 63, 171, 1, 161, 233]",False,0.0,0.0,,[]
82,"[106, 182, 199, 83, 88, 164, 192, 265, 297]",False,0.0,0.0,,[]
83,"[190, 12, 82, 39, 54, 121, 222]",False,0.0,0.0,,[]
84,"[156, 276, 264, 57, 90, 277, 289]",False,0.0,0.0,,[]
85,"[136, 234, 233, 261]",False,0.0,0.0,,[]
86,"[225, 118, 149]",False,0.0,0.0,,[]
87,"[236, 174, 50, 6, 80, 279]",False,0.0,0.0,,[]
88,"[187, 172, 82, 28, 154]",False,0.0,0.0,,[]
89,"[96, 259, 41, 11, 189, 257]",False,0.0,0.0,,[]
90,"[242, 262, 84, 49, 194, 246, 274]",False,0.0,0.0,,[]
91,"[269, 264, 164, 2]",False,0.0,0.0,,[]
92,"[200, 151, 172]",False,0.0,0.0,,[]
93,"[292, 194, 245, 178]",False,0.0,0.0,,[]
94,"[294, 170, 165, 15, 240]",False,0.0,0.0,,[]
95,"[221, 45, 251, 118, 210, 234, 235, 273]",False,0.0,0.0,,[]
96,"[148, 174, 173, 57, 89, 189, 285]",False,0.0,0.0,,[]
97,"[147, 231, 120, 46, 110, 159, 204, 251]",False,0.0,0.0,,[]
98,"[147, 127, 114, 260]",True,0.0696302120539371,0.019630212053937095,,2
99,"[151, 270, 41, 180, 188, 195]",False,0.0,0.0,,[]
100,"[234, 232, 109, 26, 69, 108, 223, 249, 263]",False,0.0,0.0,,[]
101,"[123, 271, 211, 66, 137, 149, 150, 155, 262]",False,0.0,0.0,,[]
102,"[16, 66, 75, 31, 132, 282, 286, 298]",False,0.0,0.0,,[]
103,"[166, 153, 11, 231, 280]",False,0.0,0.0,,[]
104,"[17, 175, 132, 139, 176, 181]",False,0.0,0.0,,[]
105,"[47, 226, 126, 39, 40, 156, 296]",False,0.0,0.0,,[]
106,"[276, 51, 68, 12, 82, 153]",False,0.0,0.0,,[]
107,"[40, 173, 245, 21, 182, 281]",False,0.0,0.0,,[]
108,"[100, 247, 36, 236]",False,0.0,0.0,,[]
109,"[150, 260, 173, 8, 40, 52, 72, 100, 114]",False,0.0,0.0,,[]
110,"[97, 23, 246, 31, 215]",False,0.0,0.0,,[]
111,"[190, 32, 244, 160, 170]",False,0.0,0.0,,[]
112,"[25, 79, 297, 72, 205]",False,0.0,0.0,,[]
113,"[247, 44, 59, 182, 184, 226]",False,0.0,0.0,,[]
114,"[133, 109, 10, 61, 98, 263]",False,0.0,0.0,,[]
115,"[132, 286, 210, 9, 184]",False,0.0,0.0,,[]
116,"[62, 148, 143, 33, 167, 174, 216, 218]",False,0.0,0.0,,[]
117,"[255, 211, 34, 38, 50, 54]",False,0.0,0.0,,[]
118,"[141, 295, 95, 17, 86, 163, 264, 291]",False,0.0,0.0,,[]
119,"[38, 287, 231, 17, 136, 140, 170, 183]",False,0.0,0.0,,[]
120,"[4, 158, 160, 34, 97, 140, 142, 285]",False,0.0,0.0,,[]
121,"[40, 83, 185, 23]",False,0.0,0.0,,[]
122,"[253, 28, 78, 68]",False,0.0,0.0,,[]
123,"[293, 144, 27, 38, 101, 163]",False,0.0,0.0,,[]
124,"[56, 264, 64, 70, 256, 278, 292]",False,0.0,0.0,,[]
125,"[148, 264, 18, 41, 51, 208, 231, 283]",False,0.0,0.0,,[]
126,"[279, 212, 68, 105, 245, 283]",False,0.0,0.0,,[]
127,"[199, 77, 20, 98]",False,0.0,0.0,,[]
128,"[55, 27, 66, 133]",False,0.0,0.0,,[]
129,"[232, 77, 281, 45, 230]",False,0.0,0.0,,[]
130,"[220, 270, 66, 29, 219]",False,0.0,0.0,,[]
131,"[133, 46, 158, 278, 287]",False,0.0,0.0,,[]
132,"[224, 175, 102, 12, 56, 104, 115]",False,0.0,0.0,,[]
133,"[246, 128, 143, 114, 131, 190, 203]",False,0.0,0.0,,[]
134,"[254, 187, 71, 15, 39, 226]",False,0.0,0.0,,[]
135,"[221, 241, 296, 20, 36, 170, 239]",False,0.0,0.0,,[]
136,"[43, 119, 69, 85, 176, 247, 293]",False,0.0,0.0,,[]
137,"[101, 203, 10, 35, 75, 166, 235, 238]",False,0.0,0.0,,[]
138,"[14, 17, 71, 202]",False,0.0,0.0,,[]
139,"[215, 5, 104, 43, 179]",False,0.0,0.0,,[]
140,"[120, 181, 119, 26, 28]",False,0.0,0.0,,[]
141,"[47, 30, 67, 118]",True,0.07504365580665096,0.02504365580665095,,3
142,"[61, 120, 181, 19, 253, 255]",False,0.0,0.0,,[]
143,"[285, 151, 174, 31, 42, 71, 116, 133, 177, 193]",False,0.0,0.0,,[]
144,"[287, 258, 46, 43, 123, 180, 289]",False,0.0,0.0,,[]
145,"[151, 215, 149, 158, 201, 243]",False,0.0,0.0,,[]
146,"[32, 67, 234, 13]",False,0.0,0.0,,[]
147,"[44, 97, 52, 27, 71, 98, 166, 212, 240, 270]",False,0.0,0.0,,[]
148,"[286, 209, 249, 96, 116, 125]",False,0.0,0.0,,[]
149,"[236, 101, 37, 86, 145, 216]",False,0.0,0.0,,[]
150,"[101, 253, 225, 2, 8, 109, 234, 241]",False,0.0,0.0,,[]
151,"[179, 280, 171, 92, 99, 143, 145, 196]",False,0.0,0.0,,[]
152,"[181, 241, 212, 165, 204, 289]",False,0.0,0.0,,[]
153,"[106, 212, 176, 103]",False,0.0,0.0,,[]
154,"[299, 213, 88, 252, 254]",False,0.0,0.0,,[]
155,"[270, 101, 288, 2, 175]",False,0.0,0.0,,[]
156,"[105, 209, 241, 84]",False,0.0,0.0,,[]
157,"[235, 188, 210, 59, 73]",False,0.0,0.0,,[]
158,"[17, 185, 145, 120, 131]",False,0.0,0.0,,[]
159,"[97, 183, 186, 75, 254]",False,0.0,0.0,,[]
160,"[225, 111, 8, 80, 120, 217, 232]",False,0.0,0.0,,[]
161,"[297, 81, 216, 196]",False,0.0,0.0,,[]
162,"[272, 3, 54, 46, 177, 187, 227]",False,0.0,0.0,,[]
163,"[123, 118, 76, 185, 259, 263, 276]",False,0.0,0.0,,[]
164,"[10, 82, 292, 59, 76, 91]",True,0.09775047121740066,0.04775047121740065,,4
165,"[152, 291, 47, 33, 68, 94, 278]",False,0.0,0.0,,[]
166,"[147, 137, 24, 55, 103, 178, 194, 298]",False,0.0,0.0,,[]
167,"[116, 283, 12, 47, 74]",False,0.0,0.0,,[]
168,"[204, 32, 245, 20, 29, 46, 76, 186, 205, 234]",False,0.0,0.0,,[]
169,"[32, 186, 291, 248]",False,0.0,0.0,,[]
170,"[135, 111, 119, 51, 69, 94, 199, 208, 246, 252, 274, 295]",False,0.0,0.0,,[]
171,"[199, 208, 72, 30, 62, 81, 151]",False,0.0,0.0,,[]
172,"[45, 243, 293, 53, 88, 92, 181, 203]",False,0.0,0.0,,[]
173,"[212, 218, 211, 96, 107, 109, 226, 229]",False,0.0,0.0,,[]
174,"[18, 116, 276, 34, 87, 96, 143, 268]",False,0.0,0.0,,[]
175,"[155, 76, 290, 79, 104, 132, 237]",False,0.0,0.0,,[]
176,"[136, 104, 187, 153, 285]",False,0.0,0.0,,[]
177,"[265, 162, 143, 52, 187, 211]",False,0.0,0.0,,[]
178,"[299, 166, 93, 56, 61, 255, 290]",False,0.0,0.0,,[]
179,"[219, 297, 139, 64, 151, 192, 225, 267]",False,0.0,0.0,,[]
180,"[144, 99, 54, 24, 30, 49, 294, 299]",False,0.0,0.0,,[]
181,"[104, 172, 273, 79, 140, 142, 152, 191, 286]",False,0.0,0.0,,[]
182,"[107, 113, 61, 16, 53, 82, 220]",False,0.0,0.0,,[]
183,"[119, 233, 50, 159, 202]",False,0.0,0.0,,[]
184,"[223, 115, 113, 41]",False,0.0,0.0,,[]
185,"[228, 289, 163, 1, 15, 121, 158]",False,0.0,0.0,,[]
186,"[203, 168, 11, 159, 169]",False,0.0,0.0,,[]
187,"[177, 32, 162, 88, 134, 176, 262, 284]",False,0.0,0.0,,[]
188,"[99, 53, 5, 157, 267]",False,0.0,0.0,,[]
189,"[89, 96, 281, 18, 28]",False,0.0,0.0,,[]
190,"[133, 239, 258, 26, 83, 111, 260]",False,0.0,0.0,,[]
191,"[274, 266, 181, 196]",False,0.0,0.0,,[]
192,"[5, 82, 179, 21, 74, 77]",False,0.0,0.0,,[]
193,"[32, 16, 143, 262]",False,0.0,0.0,,[]
194,"[26, 166, 90, 60, 93, 222, 264, 282]",False,0.0,0.0,,[]
195,"[66, 99, 200, 0]",False,0.0,0.0,,[]
196,"[161, 151, 191, 209]",False,0.0,0.0,,[]
197,"[52, 42, 296, 12]",False,0.0,0.0,,[]
198,"[61, 276, 205]",False,0.0,0.0,,[]
199,"[295, 61, 170, 82, 127, 171]",False,0.0,0.0,,[]
200,"[221, 266, 246, 92, 195, 211]",False,0.0,0.0,,[]
201,"[245, 145, 10, 64, 206, 224]",False,0.0,0.0,,[]
202,"[30, 138, 183, 7]",False,0.0,0.0,,[]
203,"[133, 7, 172, 137, 186, 216, 229, 294]",False,0.0,0.0,,[]
204,"[97, 38, 152, 168, 258]",False,0.0,0.0,,[]
205,"[34, 112, 168, 14, 198, 238]",False,0.0,0.0,,[]
206,"[258, 212, 201, 0, 7, 58, 217]",False,0.0,0.0,,[]
207,"[209, 226, 15, 33, 67, 252]",False,0.0,0.0,,[]
208,"[125, 38, 170, 171, 210]",False,0.0,0.0,,[]
209,"[227, 196, 56, 71, 148, 156, 207, 296]",False,0.0,0.0,,[]
210,"[61, 95, 208, 115, 157, 241]",False,0.0,0.0,,[]
211,"[177, 213, 200, 69, 101, 117, 173]",False,0.0,0.0,,[]
212,"[287, 147, 226, 3, 9, 126, 152, 153, 173, 206]",False,0.0,0.0,,[]
213,"[221, 23, 274, 13, 154, 211, 299]",False,0.0,0.0,,[]
214,"[61, 286, 254, 6, 245]",False,0.0,0.0,,[]
215,"[61, 110, 274, 3, 25, 139, 145, 237, 256]",False,0.0,0.0,,[]
216,"[203, 149, 116, 161, 244]",False,0.0,0.0,,[]
217,"[206, 160, 53]",False,0.0,0.0,,[]
218,"[23, 73, 116, 37, 173, 266]",False,0.0,0.0,,[]
219,"[224, 130, 8, 57, 63, 179]",False,0.0,0.0,,[]
220,"[289, 182, 7, 36, 63, 77, 130, 299]",False,0.0,0.0,,[]
221,"[26, 291, 299, 95, 135, 200, 213, 228]",False,0.0,0.0,,[]
222,"[67, 83, 194, 239, 261]",False,0.0,0.0,,[]
223,"[22, 100, 263, 184, 236, 268]",False,0.0,0.0,,[]
224,"[245, 225, 201, 132, 219, 254]",False,0.0,0.0,,[]
225,"[235, 179, 278, 60, 86, 150, 160, 224, 250]",False,0.0,0.0,,[]
226,"[134, 113, 173, 105, 207, 212]",False,0.0,0.0,,[]
227,"[46, 162, 247, 23, 65, 209, 231, 233]",False,0.0,0.0,,[]
228,"[283, 19, 221, 24, 185, 253]",False,0.0,0.0,,[]
229,"[173, 24, 203]",False,0.0,0.0,,[]
230,"[266, 45, 129, 21, 58]",False,0.0,0.0,,[]
231,"[103, 227, 125, 18, 97, 119]",False,0.0,0.0,,[]
232,"[272, 160, 290, 66, 100, 129, 244]",False,0.0,0.0,,[]
233,"[41, 227, 81, 85, 183, 271, 275]",False,0.0,0.0,,[]
234,"[168, 95, 150, 85, 100, 146, 288, 296]",False,0.0,0.0,,[]
235,"[137, 248, 95, 157, 225]",False,0.0,0.0,,[]
236,"[223, 261, 108, 87, 149]",False,0.0,0.0,,[]
237,"[61, 175, 215]",False,0.0,0.0,,[]
238,"[288, 137, 205]",False,0.0,0.0,,[]
239,"[222, 135, 30, 32, 190]",False,0.0,0.0,,[]
240,"[241, 147, 94]",False,0.0,0.0,,[]
241,"[210, 19, 150, 135, 152, 156, 240, 259, 290]",False,0.0,0.0,,[]
242,"[8, 56, 258, 16, 90, 292]",False,0.0,0.0,,[]
243,"[298, 145, 40, 172, 287]",False,0.0,0.0,,[]
244,"[232, 51, 216, 111, 258, 284]",False,0.0,0.0,,[]
245,"[8, 126, 214, 34, 38, 93, 107, 168, 201, 224]",False,0.0,0.0,,[]
246,"[170, 90, 2, 110, 133, 200]",False,0.0,0.0,,[]
247,"[136, 62, 4, 108, 113, 227]",False,0.0,0.0,,[]
248,"[70, 57, 169, 19, 235]",False,0.0,0.0,,[]
249,"[68, 7, 100, 148, 280]",False,0.0,0.0,,[]
250,"[55, 225, 68, 50]",False,0.0,0.0,,[]
251,"[69, 32, 97, 95, 271]",False,0.0,0.0,,[]
252,"[154, 207, 170, 35, 45]",False,0.0,0.0,,[]
253,"[228, 142, 260, 14, 122, 150]",False,0.0,0.0,,[]
254,"[154, 159, 224, 53, 58, 134, 214]",False,0.0,0.0,,[]
255,"[142, 16, 178, 17, 117]",False,0.0,0.0,,[]
256,"[283, 124, 215]",False,0.0,0.0,,[]
257,"[271, 23, 89, 265]",False,0.0,0.0,,[]
258,"[204, 30, 244, 56, 144, 190, 206, 242]",False,0.0,0.0,,[]
259,"[34, 241, 163, 72, 89]",False,0.0,0.0,,[]
260,"[75, 190, 98, 20, 109, 253]",False,0.0,0.0,,[]
261,"[85, 71, 222, 236, 272]",False,0.0,0.0,,[]
262,"[101, 193, 187, 90]",False,0.0,0.0,,[]
263,"[114, 100, 163, 223, 291]",False,0.0,0.0,,[]
264,"[5, 194, 118, 84, 91, 124, 125]",True,0.07689521665230309,0.026895216652303093,,5
265,"[45, 82, 257, 177]",False,0.0,0.0,,[]
266,"[218, 271, 41, 9, 45, 191, 200, 230]",False,0.0,0.0,,[]
267,"[57, 188, 179]",False,0.0,0.0,,[]
268,"[223, 273, 174, 13, 78]",False,0.0,0.0,,[]
269,"[53, 56, 293, 27, 91]",False,0.0,0.0,,[]
270,"[147, 9, 282, 62, 99, 130, 155]",False,0.0,0.0,,[]
271,"[251, 233, 289, 22, 55, 101, 257, 266, 281]",False,0.0,0.0,,[]
272,"[51, 79, 261, 49, 162, 232]",False,0.0,0.0,,[]
273,"[268, 95, 276, 3, 61, 181]",False,0.0,0.0,,[]
274,"[215, 170, 90, 48, 50, 75, 191, 213]",False,0.0,0.0,,[]
275,"[233, 33, 41, 32]",False,0.0,0.0,,[]
276,"[71, 163, 27, 84, 106, 174, 198, 273]",False,0.0,0.0,,[]
277,"[36, 84, 44, 291, 298]",False,0.0,0.0,,[]
278,"[165, 131, 124, 14, 48, 225]",False,0.0,0.0,,[]
279,"[64, 77, 87, 11, 70, 76, 126]",False,0.0,0.0,,[]
280,"[103, 28, 249, 52, 151]",False,0.0,0.0,,[]
281,"[107, 271, 37, 129, 189]",False,0.0,0.0,,[]
282,"[47, 194, 102, 51, 270]",False,0.0,0.0,,[]
283,"[28, 126, 125, 167, 228, 256, 287]",False,0.0,0.0,,[]
284,"[58, 244, 187]",False,0.0,0.0,,[]
285,"[176, 96, 120, 143]",False,0.0,0.0,,[]
286,"[181, 29, 102, 42, 115, 148, 214]",False,0.0,0.0,,[]
287,"[131, 243, 283, 119, 144, 212]",False,0.0,0.0,,[]
288,"[46, 289, 234, 155, 238]",False,0.0,0.0,,[]
289,"[152, 144, 84, 185, 220, 271, 288]",False,0.0,0.0,,[]
290,"[241, 73, 178, 175, 232]",False,0.0,0.0,,[]
291,"[263, 277, 118, 5, 165, 169, 221, 295]",False,0.0,0.0,,[]
292,"[242, 124, 10, 93, 164]",False,0.0,0.0,,[]
293,"[6, 136, 299, 123, 172, 269]",False,0.0,0.0,,[]
294,"[203, 180, 33, 94]",False,0.0,0.0,,[]
295,"[170, 65, 291, 30, 118, 199]",False,0.0,0.0,,[]
296,"[209, 105, 234, 135, 197]",False,0.0,0.0,,[]
297,"[29, 82, 298, 112, 161, 179]",False,0.0,0.0,,[]
298,"[277, 102, 166, 4, 243, 297]",True,0.05448343026363489,0.004483430263634891,,6
299,"[213, 180, 220, 5, 154, 178, 221, 293]",False,0.0,0.0,,[]
,
@ TIME,0
Number of speciation events,0
Number of extinction events,0
Number of species,6
# Species Network Data
node id,target,species,lineage specific spec. rate mod,lineage specific ext. rate mod,lineage,species id
41,"[125, 36, 184, 27, 89, 99, 233, 266, 275]",True,0.09153142022026928,0.04153142022026928,,1
98,"[147, 127, 114, 260]",True,0.0696302120539371,0.019630212053937095,,2
141,"[47, 30, 67, 118]",True,0.07504365580665096,0.02504365580665095,,3
164,"[10, 82, 292, 59, 76, 91]",True,0.09775047121740066,0.04775047121740065,,4
264,"[5, 194, 118, 84, 91, 124, 125]",True,0.07689521665230309,0.026895216652303093,,5
298,"[277, 102, 166, 4, 243, 297]",True,0.05448343026363489,0.004483430263634891,,6
